variation_id,title,gene_symbols,clinical_significance,review_status,variation_type,chromosome,start,stop,ref_allele,alt_allele,assembly,accession,trait_names,molecular_consequence,protein_change,last_evaluated,submission_count
4686570,NM_000546.6(TP53):c.1168_1171dup (p.Asp391delinsAlaTer),TP53,Not provided,,,,,,,,,VCV004686570,,"['nonsense', '3 prime UTR variant', 'non-coding transcript variant', 'frameshift variant']",,,['SCV007127652']
4553149,NM_000546.6(TP53):c.153_159dup (p.Phe54fs),TP53,Not provided,,,,,,,,,VCV004553149,,"['frameshift variant', 'non-coding transcript variant']","F54fs, F15fs",,['SCV007152014']
4553134,NM_000546.6(TP53):c.142_151del (p.Asp48fs),TP53,Not provided,,,,,,,,,VCV004553134,,"['frameshift variant', 'non-coding transcript variant']","D9fs, D48fs",,['SCV007151998']
4553123,NM_000546.6(TP53):c.1164A>C (p.Glu388Asp),TP53,Not provided,,,,,,,,,VCV004553123,,"['missense variant', '3 prime UTR variant', 'non-coding transcript variant']","E256D, E229D, E388D, E349D",,['SCV007151987']
4553112,NM_000546.6(TP53):c.791_808delinsACTGGGACGGAACAGC (p.Leu264fs),TP53,Not provided,,,,,,,,,VCV004553112,,"['frameshift variant', 'non-coding transcript variant']","L132fs, L264fs, L225fs, L105fs",,['SCV007151976']
4553088,NM_000546.6(TP53):c.322_329delinsATTCTGGGCTACAT (p.Gly108_Arg110delinsIleLeuGlyTyrIle),TP53,Not provided,,,,,,,,,VCV004553088,,"['inframe_indel', 'non-coding transcript variant']",,,['SCV007151948']
4553078,NM_000546.6(TP53):c.360G>A (p.Lys120=),TP53,Not provided,,,,,,,,,VCV004553078,,"['synonymous variant', 'non-coding transcript variant']",,,['SCV007151938']
4553048,NM_000546.6(TP53):c.265_272del (p.Pro89fs),TP53,Not provided,,,,,,,,,VCV004553048,,"['frameshift variant', 'non-coding transcript variant']","P50fs, P89fs",,['SCV007151905']
4553021,NM_000546.6(TP53):c.981T>C (p.Tyr327=),TP53,Not provided,,,,,,,,,VCV004553021,,"['synonymous variant', 'non-coding transcript variant']",,,['SCV007151876']
4553010,NM_000546.6(TP53):c.503del (p.His168fs),TP53,Not provided,,,,,,,,,VCV004553010,,"['frameshift variant', 'non-coding transcript variant']","H129fs, H168fs, H9fs, H36fs",,['SCV007154387']
4553001,NM_000546.6(TP53):c.673-96_673del,TP53,Not provided,,,,,,,,,VCV004553001,,['splice acceptor variant'],,,['SCV007154378']
4552983,NM_000546.6(TP53):c.1087A>T (p.Arg363Trp),TP53,Not provided,,,,,,,,,VCV004552983,,"['3 prime UTR variant', 'missense variant', 'non-coding transcript variant']","R324W, R231W, R363W, R204W",,['SCV007154359']
4552972,NM_000546.6(TP53):c.220G>A (p.Ala74Thr),TP53,Not provided,,,,,,,,,VCV004552972,,"['missense variant', 'non-coding transcript variant']","A35T, A74T",,['SCV007154348']
4552962,NM_000546.6(TP53):c.648_666delinsTTCC (p.Val217_Pro222delinsSer),TP53,Not provided,,,,,,,,,VCV004552962,,['inframe_indel'],,,['SCV007154338']
4552953,NM_000546.6(TP53):c.898_906dup (p.Gly302_Ser303insProProGly),TP53,Not provided,,,,,,,,,VCV004552953,,"['inframe_insertion', 'non-coding transcript variant']",,,['SCV007154329']
4552934,NM_000546.6(TP53):c.336C>T (p.Gly112=),TP53,Not provided,,,,,,,,,VCV004552934,,"['synonymous variant', 'non-coding transcript variant']",,,['SCV007154309']
4552901,NM_000546.6(TP53):c.690C>A (p.Thr230=),TP53,Not provided,,,,,,,,,VCV004552901,,"['non-coding transcript variant', 'synonymous variant']",,,['SCV007154273']
4552891,NM_000546.6(TP53):c.676_708dup (p.Tyr236_Met237insGlySerAspCysThrThrIleHisTyrAsnTyr),TP53,Not provided,,,,,,,,,VCV004552891,,"['inframe_insertion', 'non-coding transcript variant']",,,['SCV007154263']
4552487,NM_000546.6(TP53):c.502C>T (p.His168Tyr),TP53,Not provided,,,,,,,,,VCV004552487,,"['missense variant', 'non-coding transcript variant']","H129Y, H168Y, H9Y, H36Y",,['SCV007154691']
4539756,NM_000546.6(TP53):c.75-1G>C,TP53,Not provided,,,,,,,,,VCV004539756,,"['5 prime UTR variant', 'splice acceptor variant']",,,['SCV007129919']
4539755,NM_000546.6(TP53):c.241_244dup (p.Pro82fs),TP53,Not provided,,,,,,,,,VCV004539755,,"['frameshift variant', 'non-coding transcript variant']","P43fs, P82fs",,['SCV007129914']
4539754,NM_000546.6(TP53):c.392_397del (p.Asn131_Lys132del),TP53,Not provided,,,,,,,,,VCV004539754,,"['inframe_deletion', 'initiator_codon_variant', '5 prime UTR variant', 'non-coding transcript variant']",M1del,,['SCV007129904']
4539753,NM_000546.6(TP53):c.414dup (p.Lys139fs),TP53,Not provided,,,,,,,,,VCV004539753,,"['frameshift variant', 'non-coding transcript variant', '5 prime UTR variant']","K100fs, K139fs, K7fs",,['SCV007129900']
4539752,NM_000546.6(TP53):c.414_420del (p.Lys139fs),TP53,Not provided,,,,,,,,,VCV004539752,,"['frameshift variant', 'non-coding transcript variant', '5 prime UTR variant']","K100fs, K139fs, K7fs",,['SCV007129898']
4539751,NM_000546.6(TP53):c.421_424del (p.Cys141fs),TP53,Not provided,,,,,,,,,VCV004539751,,"['frameshift variant', '5 prime UTR variant', 'non-coding transcript variant']","C102fs, C141fs, C9fs",,['SCV007129897']
4539750,NM_000546.6(TP53):c.463_466del (p.Thr155fs),TP53,Not provided,,,,,,,,,VCV004539750,,"['frameshift variant', 'non-coding transcript variant', '5 prime UTR variant']","T116fs, T155fs, T23fs",,['SCV007129892']
4539749,NM_000546.6(TP53):c.489_490del (p.Tyr163_Lys164delinsTer),TP53,Not provided,,,,,,,,,VCV004539749,,"['nonsense', 'non-coding transcript variant']",,,['SCV007129886']
4539748,NM_000546.6(TP53):c.504_513dup (p.Val172fs),TP53,Not provided,,,,,,,,,VCV004539748,,"['frameshift variant', 'non-coding transcript variant']","V133fs, V13fs, V172fs, V40fs",,['SCV007129883']
4539746,NM_000546.6(TP53):c.559+35_560-8del,TP53,Not provided,,,,,,,,,VCV004539746,,['intron variant'],,,['SCV007129875']
4539744,NM_000546.6(TP53):c.638del (p.Arg213fs),TP53,Not provided,,,,,,,,,VCV004539744,,['frameshift variant'],"R174fs, R213fs, R54fs, R81fs",,['SCV007129865']
4539743,NM_000546.6(TP53):c.688A>C (p.Thr230Pro),TP53,Not provided,,,,,,,,,VCV004539743,,"['missense variant', 'non-coding transcript variant']","T191P, T230P, T71P, T98P",,['SCV007129859']
4539742,NM_000546.6(TP53):c.751_758del (p.Ile251fs),TP53,Not provided,,,,,,,,,VCV004539742,,"['frameshift variant', 'non-coding transcript variant']","I119fs, I212fs, I251fs, I92fs",,['SCV007129842']
4539741,NM_000546.6(TP53):c.759_769del (p.Ile254fs),TP53,Not provided,,,,,,,,,VCV004539741,,"['frameshift variant', 'non-coding transcript variant']","I122fs, I215fs, I254fs, I95fs",,['SCV007129841']
4539740,NM_000546.6(TP53):c.815dup (p.Arg273fs),TP53,Not provided,,,,,,,,,VCV004539740,,"['frameshift variant', 'non-coding transcript variant']","R114fs, R141fs, R234fs, R273fs",,['SCV007129831']
4539739,NM_000546.6(TP53):c.814_837del (p.Val272_Gly279del),TP53,Not provided,,,,,,,,,VCV004539739,,"['inframe_deletion', 'non-coding transcript variant']",,,['SCV007129826']
4539738,NM_000546.6(TP53):c.871A>T (p.Lys291Ter),TP53,Not provided,,,,,,,,,VCV004539738,,"['nonsense', 'non-coding transcript variant']","K132*, K159*, K252*, K291*",,['SCV007129824']
4539737,NM_000546.6(TP53):c.885_900del (p.His296fs),TP53,Not provided,,,,,,,,,VCV004539737,,"['frameshift variant', 'non-coding transcript variant']","H137fs, H164fs, H257fs, H296fs",,['SCV007129822']
4539736,NM_000546.6(TP53):c.1176_1177insAA (p.Asp393fs),TP53,Not provided,,,,,,,,,VCV004539736,,"['frameshift variant', '3 prime UTR variant', 'non-coding transcript variant']","D234fs, D261fs, D354fs, D393fs",,['SCV007129813']
4539572,NM_000546.6(TP53):c.-29+2T>C,LOC126862483; TP53; WRAP53,Not provided,,,,,,,,,VCV004539572,,"['splice donor variant', 'intron variant']",,,['SCV007129519']
4533295,NM_000546.6(TP53):c.322_332delinsATTCA (p.Gly108_Leu111delinsIleGln),TP53,Not provided,,,,,,,,,VCV004533295,,"['inframe_indel', 'non-coding transcript variant']",,,['SCV007113938']
4532981,NM_000546.6(TP53):c.330_331insAAACCGT (p.Leu111fs),TP53,Not provided,,,,,,,,,VCV004532981,,"['frameshift variant', 'non-coding transcript variant']","L111fs, L72fs",,['SCV007111134']
4530512,NM_000546.6(TP53):c.1020dup (p.Phe341fs),TP53,Not provided,,,,,,,,,VCV004530512,,"['frameshift variant', '3 prime UTR variant', 'non-coding transcript variant']","F182fs, F209fs, F302fs, F341fs",,['SCV007105426']
4530510,NM_000546.6(TP53):c.461_469del (p.Gly154_Arg156del),TP53,Not provided,,,,,,,,,VCV004530510,,"['5 prime UTR variant', 'non-coding transcript variant']",,,['SCV007105392']
4530422,NM_000546.6(TP53):c.639_640inv (p.His214Tyr),TP53,Not provided,,,,,,,,,VCV004530422,,['missense variant'],"H175Y, H214Y, H55Y, H82Y",,['SCV007104886']
4530246,NM_000546.6(TP53):c.1051_1058del (p.Lys351fs),TP53,Not provided,,,,,,,,,VCV004530246,,"['frameshift variant', '3 prime UTR variant', 'non-coding transcript variant']","K192fs, K219fs, K312fs, K351fs",,['SCV007105639']
4530245,NM_000546.6(TP53):c.1015_1023del (p.Glu339_Phe341del),TP53,Not provided,,,,,,,,,VCV004530245,,"['3 prime UTR variant', 'non-coding transcript variant']",,,['SCV007105638']
4530244,NM_000546.6(TP53):c.993+216del,TP53,Not provided,,,,,,,,,VCV004530244,,"['frameshift variant', 'intron variant']","E180fs, E207fs, E300fs, E339fs",,['SCV007105633']
4530243,NM_000546.6(TP53):c.835G>T (p.Gly279Trp),TP53,Not provided,,,,,,,,,VCV004530243,,"['missense variant', 'non-coding transcript variant']","G120W, G147W, G240W, G279W",,['SCV007105628']
4530242,NM_000546.6(TP53):c.1045del (p.Glu349fs),TP53,Not provided,,,,,,,,,VCV004530242,,"['frameshift variant', '3 prime UTR variant', 'non-coding transcript variant']","E190fs, E217fs, E310fs, E349fs",,"['SCV007105625', 'SCV007129814']"
4530239,NM_000546.6(TP53):c.458_472del (p.Pro153_Val157del),TP53,Not provided,,,,,,,,,VCV004530239,,"['5 prime UTR variant', 'non-coding transcript variant']",,,['SCV007105607']
4530238,NM_000546.6(TP53):c.1017_1018del (p.Glu339fs),TP53,Not provided,,,,,,,,,VCV004530238,,"['frameshift variant', '3 prime UTR variant', 'non-coding transcript variant']","E180fs, E207fs, E300fs, E339fs",,['SCV007105601']
4530237,NM_000546.6(TP53):c.818del (p.Arg273fs),TP53,Not provided,,,,,,,,,VCV004530237,,"['frameshift variant', 'non-coding transcript variant']","R114fs, R141fs, R234fs, R273fs",,['SCV007105576']
4530236,NM_000546.6(TP53):c.816_817delinsAA (p.Arg273Ser),TP53,Not provided,,,,,,,,,VCV004530236,,"['missense variant', 'non-coding transcript variant']","R114S, R141S, R234S, R273S",,['SCV007105566']
4530235,NM_000546.6(TP53):c.761_781del (p.Ile254_Ser260del),TP53,Not provided,,,,,,,,,VCV004530235,,['non-coding transcript variant'],,,['SCV007105558']
4427958,NM_000546.6(TP53):c.74+4A>G,TP53,Not provided,,,,,,,,,VCV004427958,,"['5 prime UTR variant', 'intron variant']",,,['SCV006902902']
4427957,NM_000546.6(TP53):c.75-2A>C,TP53,Not provided,,,,,,,,,VCV004427957,,"['5 prime UTR variant', 'splice acceptor variant']",,,['SCV006902901']
4427954,NM_000546.6(TP53):c.96+31A>T,TP53,Not provided,,,,,,,,,VCV004427954,,['intron variant'],,,"['SCV006902890', 'SCV006902889', 'SCV006902881', 'SCV006902882', 'SCV006902883', 'SCV006902880', 'SCV006902879', 'SCV006902887', 'SCV006902886', 'SCV006902885', 'SCV006902884', 'SCV006902891']"
4427952,NM_000546.6(TP53):c.97-2A>T,TP53,Not provided,,,,,,,,,VCV004427952,,['splice acceptor variant'],,,['SCV006902875']
4427951,NM_000546.6(TP53):c.97-1G>C,TP53,Not provided,,,,,,,,,VCV004427951,,['splice acceptor variant'],,,"['SCV006902867', 'SCV006902868', 'SCV006902869']"
4427947,NM_000546.6(TP53):c.362C>A (p.Ser121Tyr),TP53,Not provided,,,,,,,,,VCV004427947,,"['missense variant', 'non-coding transcript variant']","S82Y, S121Y",,['SCV006902858']
4427946,NM_000546.6(TP53):c.363T>A (p.Ser121=),TP53,Not provided,,,,,,,,,VCV004427946,,"['non-coding transcript variant', 'synonymous variant']",,,['SCV006902857']
4427945,NM_000546.6(TP53):c.373A>T (p.Thr125Ser),TP53,Not provided,,,,,,,,,VCV004427945,,"['missense variant', 'non-coding transcript variant']","T125S, T86S",,['SCV006902856']
4427938,NM_000546.6(TP53):c.559+2T>G,TP53,Not provided,,,,,,,,,VCV004427938,,['splice donor variant'],,,"['SCV006900371', 'SCV006900372']"
4427937,NM_000546.6(TP53):c.586C>A (p.Arg196=),TP53,Not provided,,,,,,,,,VCV004427937,,['synonymous variant'],,,['SCV006900354']
4427936,NM_000546.6(TP53):c.673-7C>G,TP53,Not provided,,,,,,,,,VCV004427936,,['intron variant'],,,['SCV006900284']
4427935,NM_000546.6(TP53):c.782G>A (p.Ser261Asn),TP53,Not provided,,,,,,,,,VCV004427935,,"['missense variant', 'non-coding transcript variant']","S129N, S261N, S102N, S222N",,['SCV006897759']
4427933,NM_000546.6(TP53):c.783-10T>A,TP53,Not provided,,,,,,,,,VCV004427933,,['intron variant'],,,['SCV006897742']
4427932,NM_000546.6(TP53):c.783-6G>T,TP53,Not provided,,,,,,,,,VCV004427932,,['intron variant'],,,['SCV006897741']
4427925,NM_000546.6(TP53):c.997C>G (p.Arg333Gly),TP53,Not provided,,,,,,,,,VCV004427925,,"['missense variant', '3 prime UTR variant', 'non-coding transcript variant']","R174G, R201G, R294G, R333G",,['SCV006897637']
4294233,NM_000546.6(TP53):c.940_952del (p.Ser314fs),TP53,Not provided,,,,,,,,,VCV004294233,,"['frameshift variant', 'non-coding transcript variant']","S155fs, S182fs, S275fs, S314fs",,['SCV006586505']
4285561,NM_000546.6(TP53):c.96+1_96+6del,TP53,Not provided,,,,,,,,,VCV004285561,,['splice donor variant'],,,['SCV006562897']
4285559,NM_000546.6(TP53):c.97-44_97-21del,TP53,Not provided,,,,,,,,,VCV004285559,,['intron variant'],,,['SCV006562895']
4285558,NM_000546.6(TP53):c.97-37_97-22del,TP53,Not provided,,,,,,,,,VCV004285558,,['intron variant'],,,['SCV006562894']
4285557,NM_000546.6(TP53):c.97-9_97-2del,TP53,Not provided,,,,,,,,,VCV004285557,,['splice acceptor variant'],,,['SCV006562892']
4285556,NM_000546.6(TP53):c.97-8_106del,TP53,Not provided,,,,,,,,,VCV004285556,,['splice acceptor variant'],,,['SCV006562891']
4285555,NM_000546.6(TP53):c.346_375+25del,TP53,Not provided,,,,,,,,,VCV004285555,,['splice donor variant'],,,['SCV006562888']
4285554,NM_000546.6(TP53):c.376-2_376-1del,TP53,Not provided,,,,,,,,,VCV004285554,,"['5 prime UTR variant', 'splice acceptor variant']",,,['SCV006562887']
4285552,NM_000546.6(TP53):c.610del (p.Glu204fs),TP53,Not provided,,,,,,,,,VCV004285552,,['frameshift variant'],"E165fs, E204fs, E45fs, E72fs",,['SCV006562884']
4285551,NM_000546.6(TP53):c.752_782+121del,TP53,Not provided,,,,,,,,,VCV004285551,,['splice donor variant'],,,['SCV006562883']
4285550,NM_000546.6(TP53):c.783-3_786del,TP53,Not provided,,,,,,,,,VCV004285550,,['splice acceptor variant'],,,['SCV006562882']
4285549,NM_000546.6(TP53):c.920-26_920-6del,TP53,Not provided,,,,,,,,,VCV004285549,,['intron variant'],,,['SCV006562881']
4285548,NM_000546.6(TP53):c.920-11_920del,TP53,Not provided,,,,,,,,,VCV004285548,,['splice acceptor variant'],,,['SCV006562879']
4285546,NM_000546.6(TP53):c.949_978del (p.Gln317_Glu326del),TP53,Not provided,,,,,,,,,VCV004285546,,"['inframe_deletion', 'non-coding transcript variant']",,,['SCV006562877']
4285545,NM_000546.6(TP53):c.993+2_993+13del,TP53,Not provided,,,,,,,,,VCV004285545,,['splice donor variant'],,,['SCV006562876']
4279056,NM_000546.6(TP53):c.391A>C (p.Asn131His),TP53,Not provided,,,,,,,,,VCV004279056,,"['missense variant', '5 prime UTR variant', 'non-coding transcript variant']","N131H, N92H",,['SCV006554497']
4189278,NM_000546.6(TP53):c.470dup (p.Arg158fs),TP53,Not provided,,,,,,,,,VCV004189278,,"['frameshift variant', 'non-coding transcript variant', '5 prime UTR variant']","R119fs, R158fs, R26fs",,['SCV006451546']
4189277,NM_000546.6(TP53):c.1182A>C (p.Ter394Cys),TP53,Not provided,,,,,,,,,VCV004189277,,"['stop lost', '3 prime UTR variant', 'non-coding transcript variant']",,,['SCV006451545']
4189276,NM_000546.6(TP53):c.476_480delinsGGT (p.Ala159fs),TP53,Not provided,,,,,,,,,VCV004189276,,"['frameshift variant', 'initiator_codon_variant', 'non-coding transcript variant']","A120fs, A159fs, M1fs, A27fs",,['SCV006451544']
4189275,NM_000546.6(TP53):c.858A>G (p.Glu286=),TP53,Not provided,,,,,,,,,VCV004189275,,"['synonymous variant', 'non-coding transcript variant']",,,['SCV006451543']
4189274,NM_000546.6(TP53):c.299A>C (p.Gln100Pro),TP53,Not provided,,,,,,,,,VCV004189274,,"['missense variant', 'non-coding transcript variant']","Q100P, Q61P",,['SCV006451542']
4189273,NM_000546.6(TP53):c.535_543del (p.His179_Arg181del),TP53,Not provided,,,,,,,,,VCV004189273,,['non-coding transcript variant'],,,['SCV006451541']
4189272,NM_000546.6(TP53):c.864dup (p.Leu289fs),TP53,Not provided,,,,,,,,,VCV004189272,,"['frameshift variant', 'non-coding transcript variant']","L250fs, L157fs, L289fs, L130fs",,['SCV006451540']
4189271,NM_000546.6(TP53):c.236C>T (p.Ala79Val),TP53,Not provided,,,,,,,,,VCV004189271,,"['missense variant', 'non-coding transcript variant']","A79V, A40V",,['SCV006451538']
4189270,NM_000546.6(TP53):c.455_459del (p.Pro152fs),TP53,Not provided,,,,,,,,,VCV004189270,,"['frameshift variant', '5 prime UTR variant', 'non-coding transcript variant']","P113fs, P152fs, P20fs",,['SCV006451537']
4189268,NM_000546.6(TP53):c.563T>C (p.Leu188Pro),TP53,Not provided,,,,,,,,,VCV004189268,,['missense variant'],"L149P, L29P, L56P, L188P",,['SCV006451535']
4189267,NM_000546.6(TP53):c.672_672+6del,TP53,Not provided,,,,,,,,,VCV004189267,,['splice donor variant'],,,['SCV006451534']
4189266,NM_000546.6(TP53):c.869del (p.Arg290fs),TP53,Not provided,,,,,,,,,VCV004189266,,"['frameshift variant', 'non-coding transcript variant']","R158fs, R131fs, R251fs, R290fs",,['SCV006451531']
4189265,NM_000546.6(TP53):c.1150dup (p.Met384fs),TP53,Not provided,,,,,,,,,VCV004189265,,"['frameshift variant', '3 prime UTR variant', 'non-coding transcript variant']","M252fs, M345fs, M225fs, M384fs",,['SCV006451529']
4189264,NM_000546.6(TP53):c.523C>A (p.Arg175Ser),TP53,Not provided,,,,,,,,,VCV004189264,,"['missense variant', 'non-coding transcript variant']","R175S, R43S, R136S, R16S",,"['SCV006451527', 'SCV007099946']"
4189263,NM_000546.6(TP53):c.994A>C (p.Ile332Leu),TP53,Not provided,,,,,,,,,VCV004189263,,"['missense variant', '3 prime UTR variant', 'non-coding transcript variant']","I200L, I293L, I173L, I332L",,['SCV006451526']
